1653295991.9468997,, SPIWP:0xee{"person": 5, "temp": 7, "mf": 0, "light": 3}

1653296002.02395,{"person": 5, "temp": 0, "mf": 1, "light": 1}

1653296012.0572724,{"person": 0, "temp": 0, "mf": 3, "light": 2}

1653296022.1054518,{"person": 2, "temp": 2, "mf": 1, "light": 2}

2022-05-23 14:27:21.287350,{"person": 6, "temp": 6, "mf": 0, "light": 4}

2022-05-23 14:27:31.338971,{"person": 6, "temp": 5, "mf": 2, "light": 2}

2022-05-23 14:27:41.378661,{"person": 0, "temp": 5, "mf": 0, "light": 4}

2022-05-23 14:27:51.415547,{"person": 1, "temp": 3, "mf": 3, "light": 4}

2022-05-23 14:28:01.448933,{"person": 7, "temp": 0, "mf": 3, "light": 2}

2022-05-23 14:28:11.499202,{"person": 7, "temp": 0, "mf": 3, "light": 7}

2022-05-23 14:28:21.548194,{"person": 5, "temp": 0, "mf": 5, "light": 4}

2022-05-23 14:28:31.590229,{"person": 2, "temp": 1, "mf": 7, "light": 4}

2022-05-23 14:28:41.632612,{"person": 5, "temp": 0, "mf": 7, "light": 4}

2022-05-23 14:28:51.675490,{"person": 5, "temp": 2, "mf": 2, "light": 5}

2022-05-23 14:29:01.715404,{"person": 6, "temp": 2, "mf": 2, "light": 3}

2022-05-23 14:29:11.759362,{"person": 3, "temp": 1, "mf": 5, "light": 3}

2022-05-23 14:29:21.796831,{"person": 7, "temp": 5, "mf": 5, "light": 1}

2022-05-23 14:29:31.832484,{"person": 7, "temp": 5, "mf": 5, "light": 5}

2022-05-23 14:29:41.878791,{"person": 4, "temp": 5, "mf": 2, "light": 7}

2022-05-23 14:29:51.915422,{"person": 0, "temp": 6, "mf": 7, "light": 7}

2022-05-23 14:30:01.960133,{"person": 0, "temp": 6, "mf": 7, "light": 7}

2022-05-23 14:30:11.996954,{"person": 0, "temp": 5, "mf": 6, "light": 7}

2022-05-23 14:30:22.043222,{"person": 6, "temp": 5, "mf": 1, "light": 5}

2022-05-23 14:30:32.083947,{"person": 0, "temp": 1, "mf": 2, "light": 5}

2022-05-23 14:30:42.132323,{"person": 0, "temp": 0, "mf": 2, "light": 7}

2022-05-23 14:30:52.170740,{"person": 0, "temp": 7, "mf": 6, "light": 4}

2022-05-23 14:31:02.217797,{"person": 2, "temp": 7, "mf": 3, "light": 7}

2022-05-23 14:31:12.259797,{"person": 2, "temp": 0, "mf": 7, "light": 7}

2022-05-23 14:31:22.292728,{"person": 4, "temp": 0, "mf": 7, "light": 4}

2022-05-23 14:31:32.345065,{"person": 4, "temp": 6, "mf": 3, "light": 0}

2022-05-23 14:31:42.384322,{"person": 1, "temp": 6, "mf": 1, "light": 1}

2022-05-23 14:31:52.427267,{"person": 6, "temp": 0, "mf": 7, "light": 1}

2022-05-23 14:32:02.466766,{"person": 4, "temp": 6, "mf": 7, "light": 7}

2022-05-23 14:32:12.505374,{"person": 4, "temp": 7, "mf": 2, "light": 1}

2022-05-23 14:32:22.557520,{"person": 1, "temp": 7, "mf": 2, "light": 2}

2022-05-23 14:32:32.592926,{"person": 1, "temp": 0, "mf": 5, "light": 2}

2022-05-23 14:32:42.626321,{"person": 6, "temp": 1, "mf": 5, "light": 2}

2022-05-23 14:32:52.673461,{"person": 6, "temp": 5, "mf": 1, "light": 1}

2022-05-23 14:33:02.713569,{"person": 6, "temp": 5, "mf": 6, "light": 6}

2022-05-23 14:33:12.758977,{"person": 5, "temp": 3, "mf": 5, "light": 6}

2022-05-23 14:33:28.144003,{"person": 2, "temp": 3, "mf": 5, "light": 0}

2022-05-23 14:33:38.147553,{"person": 2, "temp": 0, "mf": 3, "light": 5}

2022-05-23 14:33:48.149612,{"person": 1, "temp": 0, "mf": 2, "light": 0}

2022-05-23 14:33:58.154089,{"person": 7, "temp": 5, "mf": 3, "light": 0}

2022-05-23 14:34:08.154442,{"person": 4, "temp": 7, "mf": 3, "light": 5}

2022-05-23 14:34:18.159070,{"person": 4, "temp": 6, "mf": 3, "light": 6}

2022-05-23 14:34:28.169994,{"person": 7, "temp": 6, "mf": 4, "light": 3}

2022-05-23 14:34:38.180235,{"person": 0, "temp": 0, "mf": 5, "light": 3}

2022-05-23 14:34:48.180401,{"person": 6, "temp": 4, "mf": 5, "light": 1}

2022-05-23 14:34:58.195488,{"person": 6, "temp": 3, "mf": 5, "light": 5}

2022-05-23 14:35:08.205354,{"person": 7, "temp": 3, "mf": 3, "light": 4}

2022-05-23 14:35:18.211760,{"person": 4, "temp": 0, "mf": 3, "light": 4}

2022-05-23 14:35:28.226733,{"person": 0, "temp": 0, "mf": 6, "light": 4}

2022-05-23 14:35:38.234730,{"person": 4, "temp": 3, "mf": 5, "light": 4}

2022-05-23 14:35:48.235419,{"person": 2, "temp": 7, "mf": 0, "light": 4}

2022-05-23 14:35:58.245426,{"person": 4, "temp": 1, "mf": 6, "light": 4}

2022-05-23 14:36:08.258715,{"person": 4, "temp": 1, "mf": 6, "light": 5}

2022-05-23 14:36:18.274129,{"person": 5, "temp": 5, "mf": 6, "light": 7}

2022-05-23 14:36:28.286679,{"person": 3, "temp": 0, "mf": 6, "light": 1}

2022-05-23 14:36:38.291663,{"person": 7, "temp": 1, "mf": 6, "light": 1}

2022-05-23 14:36:55.866813,{"person": 6, "temp": 6, "mf": 7, "light": 1}

2022-05-23 14:37:05.870340,{"person": 6, "temp": 4, "mf": 5, "light": 1}

2022-05-23 14:37:15.882295,{"person": 1, "temp": 1, "mf": 5, "light": 1}

2022-05-23 14:37:25.896122,{"person": 4, "temp": 1, "mf": 5, "light": 5}

2022-05-23 14:37:35.907119,{"person": 4, "temp": 0, "mf": 5, "light": 6}

2022-05-23 14:37:45.918736,{"person": 0, "temp": 5, "mf": 5, "light": 6}

2022-05-23 14:37:55.930645,{"person": 3, "temp": 1, "mf": 4, "light": 6}

2022-05-23 14:38:05.945320,{"person": 5, "temp": 6, "mf": 4, "light": 6}

2022-05-23 14:38:15.950126,{"person": 1, "temp": 2, "mf": 1, "light": 6}

2022-05-23 14:38:25.953398,{"person": 6, "temp": 0, "mf": 7, "light": 6}

2022-05-23 14:38:35.953535,{"person": 7, "temp": 0, "mf": 3, "light": 2}

2022-05-23 14:38:45.956961,{"person": 7, "temp": 0, "mf": 3, "light": 6}

2022-05-23 14:38:55.957628,{"person": 5, "temp": 0, "mf": 3, "light": 6}

2022-05-23 14:39:05.971385,{"person": 0, "temp": 3, "mf": 1, "light": 6}

2022-05-23 14:39:15.984087,{"person": 2, "temp": 5, "mf": 4, "light": 6}

2022-05-23 14:39:25.990028,{"person": 4, "temp": 5, "mf": 2, "light": 6}

2022-05-23 14:39:35.999378,{"person": 3, "temp": 5, "mf": 1, "light": 1}

2022-05-23 14:39:46.002851,{"person": 1, "temp": 6, "mf": 1, "light": 1}

2022-05-23 14:39:56.010384,{"person": 2, "temp": 6, "mf": 6, "light": 4}

2022-05-23 14:40:06.018460,{"person": 6, "temp": 7, "mf": 6, "light": 4}

2022-05-23 14:40:16.021897,{"person": 5, "temp": 3, "mf": 1, "light": 4}

2022-05-23 14:40:26.037706,{"person": 7, "temp": 6, "mf": 5, "light": 4}

2022-05-23 14:40:36.039301,{"person": 4, "temp": 6, "mf": 2, "light": 4}

2022-05-23 14:40:49.174914,{"person": 3, "temp": 7, "mf": 6, "light": 4}

2022-05-23 14:40:59.179240,{"person": 2, "temp": 7, "mf": 5, "light": 5}

2022-05-23 14:41:09.188461,{"person": 3, "temp": 5, "mf": 5, "light": 7}

2022-05-23 14:41:19.192251,{"person": 4, "temp": 2, "mf": 5, "light": 4}

2022-05-23 14:41:29.205139,{"person": 5, "temp": 7, "mf": 5, "light": 7}

2022-05-23 14:41:39.208735,{"person": 1, "temp": 6, "mf": 5, "light": 7}

2022-05-23 14:41:49.212098,{"person": 4, "temp": 4, "mf": 2, "light": 7}

2022-05-23 14:41:59.215508,{"person": 6, "temp": 7, "mf": 4, "light": 7}

2022-05-23 14:42:09.221879,{"person": 6, "temp": 1, "mf": 3, "light": 7}

2022-05-23 14:42:19.224070,{"person": 2, "temp": 4, "mf": 1, "light": 7}

2022-05-23 14:42:29.229354,{"person": 2, "temp": 4, "mf": 7, "light": 1}

2022-05-23 14:42:39.230933,{"person": 4, "temp": 7, "mf": 7, "light": 1}

2022-05-23 14:42:49.234014,{"person": 4, "temp": 6, "mf": 2, "light": 1}

2022-05-23 14:42:59.235584,{"person": 4, "temp": 0, "mf": 7, "light": 1}

2022-05-23 14:43:09.240900,{"person": 0, "temp": 7, "mf": 4, "light": 1}

2022-05-23 14:43:19.242996,{"person": 0, "temp": 5, "mf": 2, "light": 1}

2022-05-23 14:43:29.245724,{"person": 7, "temp": 5, "mf": 6, "light": 2}

2022-05-23 14:43:39.250970,{"person": 5, "temp": 1, "mf": 6, "light": 3}

2022-05-23 14:43:49.253069,{"person": 1, "temp": 0, "mf": 6, "light": 6}

2022-05-23 14:43:59.258767,{"person": 7, "temp": 1, "mf": 6, "light": 6}

2022-05-23 14:44:09.259284,{"person": 3, "temp": 2, "mf": 2, "light": 6}

2022-05-23 14:44:27.899723,{"person": 2, "temp": 2, "mf": 2, "light": 6}

2022-05-23 14:44:37.901964,{"person": 1, "temp": 2, "mf": 5, "light": 4}

2022-05-23 14:44:47.910556,{"person": 2, "temp": 4, "mf": 5, "light": 4}

2022-05-23 14:44:57.913715,{"person": 7, "temp": 4, "mf": 6, "light": 5}

2022-05-23 14:45:07.918313,{"person": 7, "temp": 5, "mf": 6, "light": 6}

2022-05-23 14:45:17.921640,{"person": 4, "temp": 4, "mf": 6, "light": 6}

2022-05-23 14:45:27.928509,{"person": 4, "temp": 7, "mf": 3, "light": 6}

2022-05-23 14:45:37.934605,{"person": 5, "temp": 5, "mf": 6, "light": 6}

2022-05-23 14:45:47.941997,{"person": 0, "temp": 3, "mf": 6, "light": 6}

2022-05-23 14:45:57.944744,{"person": 4, "temp": 3, "mf": 0, "light": 5}

2022-05-23 14:46:07.952190,{"person": 4, "temp": 6, "mf": 0, "light": 3}

2022-05-23 14:46:17.955064,{"person": 2, "temp": 2, "mf": 0, "light": 3}

2022-05-23 14:46:28.927659,{"person": 7, "temp": 4, "mf": 3, "light": 3}

2022-05-23 14:46:38.936377,{"person": 4, "temp": 2, "mf": 3, "light": 3}

2022-05-23 14:46:48.943484,{"person": 3, "temp": 0, "mf": 3, "light": 3}

2022-05-23 14:46:58.949891,{"person": 1, "temp": 2, "mf": 5, "light": 3}

2022-05-23 14:47:08.957625,{"person": 2, "temp": 2, "mf": 0, "light": 2}

2022-05-23 14:47:18.959526,{"person": 0, "temp": 5, "mf": 0, "light": 3}

2022-05-23 14:47:28.962527,{"person": 5, "temp": 5, "mf": 0, "light": 5}

2022-05-23 14:47:38.964990,{"person": 7, "temp": 7, "mf": 0, "light": 6}

2022-05-23 14:47:48.970565,{"person": 4, "temp": 1, "mf": 0, "light": 6}

2022-05-23 14:47:58.977139,{"person": 0, "temp": 3, "mf": 6, "light": 6}

2022-05-23 14:48:08.985262,{"person": 0, "temp": 0, "mf": 2, "light": 6}

2022-05-23 14:48:18.993872,{"person": 2, "temp": 2, "mf": 4, "light": 6}

2022-05-23 14:48:28.999310,{"person": 1, "temp": 5, "mf": 6, "light": 6}

2022-05-23 14:48:38.999677,{"person": 4, "temp": 5, "mf": 5, "light": 0}

2022-05-23 14:48:49.003738,{"person": 7, "temp": 4, "mf": 5, "light": 4}

2022-05-23 14:48:59.005944,{"person": 6, "temp": 6, "mf": 5, "light": 7}

2022-05-23 14:49:09.012791,{"person": 6, "temp": 0, "mf": 5, "light": 7}

2022-05-23 14:49:19.019712,{"person": 1, "temp": 7, "mf": 7, "light": 7}

2022-05-23 14:49:29.029740,{"person": 4, "temp": 0, "mf": 4, "light": 7}

2022-05-23 14:49:39.039302,{"person": 7, "temp": 3, "mf": 0, "light": 7}

2022-05-23 14:49:49.042092,{"person": 4, "temp": 3, "mf": 7, "light": 7}

2022-05-23 14:49:59.046741,{"person": 5, "temp": 3, "mf": 7, "light": 5}

2022-05-23 14:50:09.055714,{"person": 6, "temp": 0, "mf": 7, "light": 7}

2022-05-23 14:50:19.059067,{"person": 2, "temp": 5, "mf": 7, "light": 7}

2022-05-23 14:50:29.069769,{"person": 3, "temp": 0, "mf": 4, "light": 7}

2022-05-23 14:50:39.069831,{"person": 0, "temp": 7, "mf": 0, "light": 7}

2022-05-23 14:50:49.073466,{"person": 1, "temp": 3, "mf": 7, "light": 7}

2022-05-23 14:50:59.088797,{"person": 4, "temp": 7, "mf": 7, "light": 7}

2022-05-23 14:51:09.093691,{"person": 6, "temp": 7, "mf": 1, "light": 4}

2022-05-23 14:51:19.104532,{"person": 0, "temp": 2, "mf": 1, "light": 4}

2022-05-23 14:51:29.109194,{"person": 3, "temp": 6, "mf": 2, "light": 4}

2022-05-23 14:51:39.117559,{"person": 1, "temp": 0, "mf": 7, "light": 4}

2022-05-23 14:51:49.125829,{"person": 5, "temp": 4, "mf": 5, "light": 4}

2022-05-23 14:51:59.137754,{"person": 3, "temp": 4, "mf": 3, "light": 4}

2022-05-23 14:52:09.140014,{"person": 3, "temp": 4, "mf": 0, "light": 0}

2022-05-23 14:52:19.164342,{"person": 4, "temp": 5, "mf": 0, "light": 6}

2022-05-23 14:52:29.189844,{"person": 3, "temp": 0, "mf": 0, "light": 7}

2022-05-23 14:52:39.192095,{"person": 6, "temp": 0, "mf": 0, "light": 7}

2022-05-23 14:52:49.199434,{"person": 3, "temp": 4, "mf": 0, "light": 7}

2022-05-23 14:52:59.228354,{"person": 3, "temp": 5, "mf": 5, "light": 7}

2022-05-23 14:53:09.231150,{"person": 4, "temp": 1, "mf": 7, "light": 7}

2022-05-23 14:53:19.243243,{"person": 0, "temp": 3, "mf": 2, "light": 7}

2022-05-23 14:53:29.260087,{"person": 7, "temp": 3, "mf": 1, "light": 1}

2022-05-23 14:53:39.275883,{"person": 3, "temp": 0, "mf": 1, "light": 2}

2022-05-23 14:53:49.281799,{"person": 2, "temp": 2, "mf": 1, "light": 2}

2022-05-23 14:53:59.288826,{"person": 0, "temp": 3, "mf": 6, "light": 2}

2022-05-23 14:54:09.293462,{"person": 7, "temp": 4, "mf": 4, "light": 2}

2022-05-23 14:54:19.303807,{"person": 6, "temp": 5, "mf": 5, "light": 2}

2022-05-23 14:54:29.314801,{"person": 1, "temp": 0, "mf": 3, "light": 2}

2022-05-23 14:54:39.328721,{"person": 2, "temp": 0, "mf": 3, "light": 2}

2022-05-23 14:54:49.332965,{"person": 5, "temp": 7, "mf": 3, "light": 5}

2022-05-23 14:54:59.338812,{"person": 4, "temp": 0, "mf": 3, "light": 5}

2022-05-23 14:55:09.348058,{"person": 7, "temp": 6, "mf": 6, "light": 5}

2022-05-23 14:55:19.362007,{"person": 2, "temp": 7, "mf": 7, "light": 5}

2022-05-23 14:55:29.376783,{"person": 0, "temp": 3, "mf": 2, "light": 5}

2022-05-23 14:55:39.383413,{"person": 2, "temp": 0, "mf": 7, "light": 5}

2022-05-23 14:55:49.388406,{"person": 7, "temp": 0, "mf": 7, "light": 1}

2022-05-23 14:55:59.393941,{"person": 4, "temp": 7, "mf": 7, "light": 1}

2022-05-23 14:56:09.407813,{"person": 1, "temp": 2, "mf": 6, "light": 1}

2022-05-23 14:56:19.421283,{"person": 2, "temp": 5, "mf": 1, "light": 1}

2022-05-23 14:56:29.435010,{"person": 7, "temp": 3, "mf": 2, "light": 1}

2022-05-23 14:56:39.450523,{"person": 5, "temp": 4, "mf": 2, "light": 1}

2022-05-23 14:56:49.453807,{"person": 6, "temp": 4, "mf": 1, "light": 6}

2022-05-23 14:56:59.467587,{"person": 2, "temp": 2, "mf": 1, "light": 7}

2022-05-23 14:57:09.482599,{"person": 2, "temp": 6, "mf": 1, "light": 7}

2022-05-23 14:57:19.486914,{"person": 5, "temp": 3, "mf": 1, "light": 7}

2022-05-23 14:57:29.488693,{"person": 4, "temp": 4, "mf": 4, "light": 7}

2022-05-23 14:57:39.496806,{"person": 6, "temp": 3, "mf": 7, "light": 7}

2022-05-23 14:57:49.501248,{"person": 7, "temp": 3, "mf": 0, "light": 7}

2022-05-23 15:00:51.746381,{"person": 1, "temp": 2, "mf": 0, "light": 3}

2022-05-23 15:01:01.840748,{"person": 1, "temp": 4, "mf": 7, "light": 3}

2022-05-23 15:01:11.906439,{"person": 4, "temp": 4, "mf": 2, "light": 6}

2022-05-23 15:01:21.937218,{"person": 2, "temp": 7, "mf": 2, "light": 6}

2022-05-23 15:01:31.989435,{"person": 2, "temp": 0, "mf": 2, "light": 4}

2022-05-23 15:01:42.034155,{"person": 2, "temp": 1, "mf": 3, "light": 4}

2022-05-23 15:01:51.643955,{"person": 0, "temp": 5, "mf": 0, "light": 3}

2022-05-23 15:02:01.734171,{"person": 0, "temp": 5, "mf": 1, "light": 3}

2022-05-23 15:02:11.773852,{"person": 1, "temp": 5, "mf": 6, "light": 7}

2022-05-23 15:02:21.826649,{"person": 4, "temp": 0, "mf": 1, "light": 7}

2022-05-23 15:02:31.865852,{"person": 7, "temp": 2, "mf": 1, "light": 6}

2022-05-23 15:02:41.913363,{"person": 7, "temp": 1, "mf": 0, "light": 2}

2022-05-23 15:02:51.951535,{"person": 3, "temp": 1, "mf": 6, "light": 0}

2022-05-23 15:03:01.994682,{"person": 4, "temp": 6, "mf": 0, "light": 0}

2022-05-23 15:03:12.025666,{"person": 0, "temp": 2, "mf": 0, "light": 4}

2022-05-23 15:03:22.076945,{"person": 0, "temp": 7, "mf": 2, "light": 7}

2022-05-23 15:03:32.116501,{"person": 7, "temp": 7, "mf": 4, "light": 4}

2022-05-23 15:03:42.161798,{"person": 5, "temp": 4, "mf": 7, "light": 4}

2022-05-23 15:03:52.199534,{"person": 3, "temp": 1, "mf": 7, "light": 1}

2022-05-23 15:04:02.239713,{"person": 3, "temp": 7, "mf": 7, "light": 4}

2022-05-23 15:04:12.285839,{"person": 1, "temp": 7, "mf": 3, "light": 1}

2022-05-23 15:04:22.328719,{"person": 5, "temp": 2, "mf": 7, "light": 1}

2022-05-23 15:04:32.372123,{"person": 4, "temp": 3, "mf": 7, "light": 4}

2022-05-23 15:04:42.414766,{"person": 4, "temp": 4, "mf": 3, "light": 3}

2022-05-23 15:04:52.455781,{"person": 3, "temp": 4, "mf": 0, "light": 1}

2022-05-23 15:05:02.490512,{"person": 6, "temp": 1, "mf": 6, "light": 1}

2022-05-23 15:05:12.525052,{"person": 3, "temp": 6, "mf": 6, "light": 1}

2022-05-23 15:05:22.580952,{"person": 3, "temp": 5, "mf": 3, "light": 3}

2022-05-23 15:05:32.621738,{"person": 0, "temp": 5, "mf": 7, "light": 6}

2022-05-23 15:05:42.664882,{"person": 1, "temp": 4, "mf": 6, "light": 6}

2022-05-23 15:05:52.735790,{"person": 1, "temp": 7, "mf": 6, "light": 7}

2022-05-23 15:06:02.751024,{"person": 1, "temp": 5, "mf": 5, "light": 6}

2022-05-23 15:06:12.792550,{"person": 2, "temp": 5, "mf": 4, "light": 2}

2022-05-23 15:06:22.833319,{"person": 6, "temp": 0, "mf": 5, "light": 2}

2022-05-23 15:06:32.875341,{"person": 4, "temp": 1, "mf": 5, "light": 1}

2022-05-23 15:06:42.917951,{"person": 4, "temp": 5, "mf": 5, "light": 0}

2022-05-23 15:06:52.959552,{"person": 3, "temp": 5, "mf": 2, "light": 0}

2022-05-23 15:07:03.002345,{"person": 0, "temp": 3, "mf": 0, "light": 0}

2022-05-23 15:07:13.044279,{"person": 6, "temp": 7, "mf": 0, "light": 2}

2022-05-23 15:07:23.086881,{"person": 6, "temp": 6, "mf": 5, "light": 7}

2022-05-23 15:07:33.127736,{"person": 0, "temp": 6, "mf": 2, "light": 2}

2022-05-23 15:07:43.165579,{"person": 6, "temp": 5, "mf": 0, "light": 2}

2022-05-23 15:07:53.204841,{"person": 2, "temp": 6, "mf": 0, "light": 7}

2022-05-23 15:08:03.242845,{"person": 2, "temp": 3, "mf": 2, "light": 5}

2022-05-23 15:08:13.296828,{"person": 7, "temp": 3, "mf": 2, "light": 3}

2022-05-23 15:08:23.333242,{"person": 7, "temp": 4, "mf": 0, "light": 3}

2022-05-23 15:08:33.370215,{"person": 6, "temp": 2, "mf": 0, "light": 1}

2022-05-23 15:08:43.415355,{"person": 6, "temp": 4, "mf": 5, "light": 0}

2022-05-23 15:08:53.450118,{"person": 6, "temp": 4, "mf": 7, "light": 4}

2022-05-23 15:09:03.504497,{"person": 1, "temp": 7, "mf": 5, "light": 4}

2022-05-23 15:09:13.812183,{"person": 1, "temp": 0, "mf": 5, "light": 2}

2022-05-23 15:09:23.819368,{"person": 1, "temp": 0, "mf": 6, "light": 7}

2022-05-23 15:09:33.821409,{"person": 7, "temp": 5, "mf": 4, "light": 7}

2022-05-23 15:09:43.825315,{"person": 4, "temp": 5, "mf": 7, "light": 6}

2022-05-23 15:09:53.828546,{"person": 4, "temp": 7, "mf": 7, "light": 6}

2022-05-23 15:10:03.831141,{"person": 1, "temp": 7, "mf": 3, "light": 4}

2022-05-23 15:10:13.840283,{"person": 3, "temp": 6, "mf": 3, "light": 4}

2022-05-23 15:10:23.845992,{"person": 0, "temp": 3, "mf": 4, "light": 4}

2022-05-23 15:10:33.884947,{"person": 5, "temp": 0, "mf": 6, "light": 4}

2022-05-23 15:10:43.922648,{"person": 2, "temp": 1, "mf": 6, "light": 4}

2022-05-23 15:10:53.963352,{"person": 7, "temp": 1, "mf": 3, "light": 2}

2022-05-23 15:11:04.001627,{"person": 2, "temp": 1, "mf": 3, "light": 2}

2022-05-23 15:11:14.055773,{"person": 7, "temp": 1, "mf": 0, "light": 7}

2022-05-23 15:11:24.094802,{"person": 7, "temp": 5, "mf": 0, "light": 7}

2022-05-23 15:11:34.139576,{"person": 2, "temp": 5, "mf": 6, "light": 5}

2022-05-23 15:11:44.174918,{"person": 1, "temp": 5, "mf": 6, "light": 5}

2022-05-23 15:11:54.210634,{"person": 0, "temp": 2, "mf": 5, "light": 5}

2022-05-23 15:12:04.254974,{"person": 2, "temp": 6, "mf": 2, "light": 5}

2022-05-23 15:12:14.294569,{"person": 3, "temp": 7, "mf": 0, "light": 5}

2022-05-23 15:12:24.345643,{"person": 3, "temp": 7, "mf": 6, "light": 7}

2022-05-23 15:12:34.380207,{"person": 4, "temp": 4, "mf": 6, "light": 2}

2022-05-23 15:12:44.420121,{"person": 1, "temp": 3, "mf": 6, "light": 2}

2022-05-23 15:12:54.464633,{"person": 3, "temp": 3, "mf": 5, "light": 2}

2022-05-23 15:13:04.510271,{"person": 1, "temp": 7, "mf": 5, "light": 2}

2022-05-23 15:13:14.547945,{"person": 0, "temp": 1, "mf": 1, "light": 2}

2022-05-23 15:13:24.598236,{"person": 3, "temp": 2, "mf": 4, "light": 2}

2022-05-23 15:13:34.631903,{"person": 4, "temp": 2, "mf": 3, "light": 2}

2022-05-23 15:13:44.681773,{"person": 5, "temp": 1, "mf": 3, "light": 2}

2022-05-23 15:13:54.722410,{"person": 0, "temp": 3, "mf": 3, "light": 2}

2022-05-23 15:14:04.760341,{"person": 2, "temp": 0, "mf": 1, "light": 2}

2022-05-23 15:14:14.806390,{"person": 5, "temp": 2, "mf": 6, "light": 2}

2022-05-23 15:14:24.858448,{"person": 6, "temp": 2, "mf": 2, "light": 2}

2022-05-23 15:14:34.901530,{"person": 1, "temp": 2, "mf": 0, "light": 0}

2022-05-23 15:14:44.935994,{"person": 1, "temp": 5, "mf": 0, "light": 0}

2022-05-23 15:14:54.986564,{"person": 6, "temp": 5, "mf": 0, "light": 1}

2022-05-23 15:15:05.025793,{"person": 5, "temp": 3, "mf": 0, "light": 4}

2022-05-23 15:15:15.073437,{"person": 4, "temp": 4, "mf": 0, "light": 4}

2022-05-23 15:15:25.126491,{"person": 6, "temp": 6, "mf": 4, "light": 4}

2022-05-23 15:15:35.168298,{"person": 4, "temp": 7, "mf": 6, "light": 4}

2022-05-23 15:15:45.216791,{"person": 7, "temp": 2, "mf": 5, "light": 4}

2022-05-23 15:15:55.265013,{"person": 0, "temp": 2, "mf": 4, "light": 6}

2022-05-23 15:16:05.302116,{"person": 6, "temp": 5, "mf": 4, "light": 4}

2022-05-23 15:16:15.341397,{"person": 5, "temp": 4, "mf": 4, "light": 6}

2022-05-23 15:16:25.389711,{"person": 1, "temp": 0, "mf": 4, "light": 5}

2022-05-23 15:16:35.429514,{"person": 3, "temp": 0, "mf": 4, "light": 3}

2022-05-23 15:16:45.468922,{"person": 2, "temp": 3, "mf": 4, "light": 6}

2022-05-23 15:22:50.610306,{"person": 1, "temp": 6, "mf": 0, "light": 1}

2022-05-23 15:23:00.692996,{"person": 1, "temp": 0, "mf": 2, "light": 6}

2022-05-23 15:23:10.708122,{"person": 6, "temp": 0, "mf": 2, "light": 6}

2022-05-23 15:23:20.729446,{"person": 1, "temp": 6, "mf": 3, "light": 6}

2022-05-23 15:23:30.763777,{"person": 5, "temp": 1, "mf": 3, "light": 0}

2022-05-23 15:23:40.812336,{"person": 5, "temp": 2, "mf": 5, "light": 1}

2022-05-23 15:23:50.847720,{"person": 4, "temp": 2, "mf": 1, "light": 3}

2022-05-23 15:24:00.895596,{"person": 6, "temp": 0, "mf": 2, "light": 3}

2022-05-23 15:24:10.933914,{"person": 1, "temp": 4, "mf": 2, "light": 4}

2022-05-23 15:24:20.972754,{"person": 1, "temp": 6, "mf": 4, "light": 6}

2022-05-23 15:24:31.026982,{"person": 1, "temp": 6, "mf": 5, "light": 6}

2022-05-23 15:24:41.065007,{"person": 3, "temp": 6, "mf": 4, "light": 6}

2022-05-23 15:24:51.110298,{"person": 7, "temp": 1, "mf": 4, "light": 6}

2022-05-23 15:25:01.150924,{"person": 7, "temp": 6, "mf": 1, "light": 3}

2022-05-23 15:25:11.184078,{"person": 2, "temp": 6, "mf": 6, "light": 2}

2022-05-23 15:25:21.236379,{"person": 5, "temp": 2, "mf": 4, "light": 2}

2022-05-23 15:25:31.276125,{"person": 6, "temp": 2, "mf": 4, "light": 1}

2022-05-23 15:25:41.314907,{"person": 6, "temp": 2, "mf": 7, "light": 3}

2022-05-23 15:25:51.364939,{"person": 0, "temp": 2, "mf": 6, "light": 5}

2022-05-23 15:26:01.403739,{"person": 1, "temp": 3, "mf": 7, "light": 5}

2022-05-23 15:26:11.437617,{"person": 1, "temp": 0, "mf": 7, "light": 1}

2022-05-23 15:26:21.489669,{"person": 1, "temp": 2, "mf": 1, "light": 3}

2022-05-23 15:26:31.523785,{"person": 1, "temp": 2, "mf": 1, "light": 2}

2022-05-23 15:26:41.562310,{"person": 4, "temp": 3, "mf": 4, "light": 2}

2022-05-23 15:26:51.616725,{"person": 1, "temp": 2, "mf": 4, "light": 0}

2022-05-23 15:27:01.657687,{"person": 1, "temp": 3, "mf": 3, "light": 7}

2022-05-23 15:27:11.691009,{"person": 0, "temp": 3, "mf": 2, "light": 6}

2022-05-23 15:27:21.741570,{"person": 7, "temp": 2, "mf": 3, "light": 6}

2022-05-23 15:27:31.775920,{"person": 3, "temp": 1, "mf": 3, "light": 5}

2022-05-23 15:27:41.810882,{"person": 3, "temp": 3, "mf": 6, "light": 0}

2022-05-23 15:27:51.863908,{"person": 3, "temp": 3, "mf": 2, "light": 6}

2022-05-23 15:28:01.907184,{"person": 3, "temp": 3, "mf": 2, "light": 6}

2022-05-23 15:28:11.940802,{"person": 0, "temp": 6, "mf": 2, "light": 4}

2022-05-23 15:28:21.990270,{"person": 0, "temp": 7, "mf": 2, "light": 7}

2022-05-23 15:28:32.025436,{"person": 3, "temp": 7, "mf": 2, "light": 0}

2022-05-23 15:28:42.073361,{"person": 1, "temp": 6, "mf": 2, "light": 0}

2022-05-23 15:28:52.110778,{"person": 4, "temp": 0, "mf": 2, "light": 0}

2022-05-23 15:29:02.149541,{"person": 4, "temp": 5, "mf": 6, "light": 2}

2022-05-23 15:29:12.204275,{"person": 7, "temp": 5, "mf": 1, "light": 2}

2022-05-23 15:29:22.242775,{"person": 5, "temp": 2, "mf": 0, "light": 2}

2022-05-23 15:29:32.287311,{"person": 7, "temp": 7, "mf": 0, "light": 6}

2022-05-23 15:29:42.327867,{"person": 7, "temp": 7, "mf": 7, "light": 2}

2022-05-23 15:29:52.364102,{"person": 1, "temp": 7, "mf": 1, "light": 1}

2022-05-23 15:30:02.396862,{"person": 6, "temp": 3, "mf": 4, "light": 1}

2022-05-23 15:30:12.452225,{"person": 5, "temp": 0, "mf": 4, "light": 5}

2022-05-23 15:30:22.491033,{"person": 5, "temp": 7, "mf": 4, "light": 4}

2022-05-23 15:30:32.538243,{"person": 6, "temp": 5, "mf": 2, "light": 4}

2022-05-23 15:30:42.578721,{"person": 6, "temp": 5, "mf": 6, "light": 4}

2022-05-23 15:30:52.621025,{"person": 1, "temp": 5, "mf": 6, "light": 5}

2022-05-23 15:31:02.664232,{"person": 6, "temp": 0, "mf": 6, "light": 6}

2022-05-23 15:31:12.705215,{"person": 7, "temp": 6, "mf": 6, "light": 6}

2022-05-23 15:31:22.748251,{"person": 0, "temp": 7, "mf": 7, "light": 6}

2022-05-23 15:31:32.791416,{"person": 1, "temp": 5, "mf": 5, "light": 6}

2022-05-23 15:31:42.835204,{"person": 1, "temp": 6, "mf": 1, "light": 6}

2022-05-23 15:31:52.869607,{"person": 4, "temp": 3, "mf": 3, "light": 6}

2022-05-23 15:32:02.908498,{"person": 3, "temp": 3, "mf": 5, "light": 6}

2022-05-23 15:32:12.952167,{"person": 1, "temp": 3, "mf": 3, "light": 3}

2022-05-23 15:32:22.995560,{"person": 0, "temp": 1, "mf": 3, "light": 3}

2022-05-23 15:32:33.030824,{"person": 3, "temp": 1, "mf": 3, "light": 3}

2022-05-23 15:32:43.076250,{"person": 3, "temp": 5, "mf": 7, "light": 3}

2022-05-23 15:32:53.125505,{"person": 1, "temp": 2, "mf": 3, "light": 3}

2022-05-23 15:33:03.165110,{"person": 1, "temp": 0, "mf": 1, "light": 3}

2022-05-23 15:33:13.208107,{"person": 0, "temp": 0, "mf": 6, "light": 0}

2022-05-23 15:33:23.250264,{"person": 4, "temp": 0, "mf": 6, "light": 2}

2022-05-23 15:33:33.293679,{"person": 1, "temp": 2, "mf": 6, "light": 1}

2022-05-23 15:33:43.335247,{"person": 7, "temp": 0, "mf": 6, "light": 1}

2022-05-23 15:33:53.379886,{"person": 1, "temp": 2, "mf": 0, "light": 1}

2022-05-23 15:34:03.410811,{"person": 5, "temp": 5, "mf": 4, "light": 1}

2022-05-23 15:34:13.458769,{"person": 5, "temp": 6, "mf": 0, "light": 1}

2022-05-23 15:34:23.493741,{"person": 5, "temp": 0, "mf": 5, "light": 1}

2022-05-23 15:34:33.544627,{"person": 6, "temp": 0, "mf": 1, "light": 5}

2022-05-23 15:34:43.579969,{"person": 1, "temp": 1, "mf": 1, "light": 0}

2022-05-23 15:34:53.630694,{"person": 6, "temp": 4, "mf": 1, "light": 0}

2022-05-23 15:35:03.659740,{"person": 6, "temp": 2, "mf": 2, "light": 0}

2022-05-23 15:35:13.707293,{"person": 2, "temp": 2, "mf": 1, "light": 0}

2022-05-23 15:35:23.755074,{"person": 5, "temp": 2, "mf": 2, "light": 0}

2022-05-23 15:35:33.793165,{"person": 6, "temp": 7, "mf": 0, "light": 0}

2022-05-23 15:35:43.838201,{"person": 2, "temp": 7, "mf": 5, "light": 6}

2022-05-23 15:35:53.882541,{"person": 0, "temp": 3, "mf": 5, "light": 1}

2022-05-23 15:36:03.915789,{"person": 7, "temp": 3, "mf": 5, "light": 0}

2022-05-23 15:36:13.953841,{"person": 4, "temp": 3, "mf": 5, "light": 0}

2022-05-23 15:36:24.000690,{"person": 4, "temp": 6, "mf": 2, "light": 0}

2022-05-23 15:36:34.038551,{"person": 1, "temp": 6, "mf": 1, "light": 0}

2022-05-23 15:36:44.082447,{"person": 0, "temp": 3, "mf": 1, "light": 0}

2022-05-23 15:36:54.122231,{"person": 6, "temp": 6, "mf": 4, "light": 0}

2022-05-23 15:37:04.165771,{"person": 0, "temp": 6, "mf": 5, "light": 5}

2022-05-23 15:37:14.206582,{"person": 0, "temp": 4, "mf": 5, "light": 5}

2022-05-23 15:37:24.253403,{"person": 0, "temp": 7, "mf": 5, "light": 5}

2022-05-23 15:37:34.297988,{"person": 1, "temp": 3, "mf": 6, "light": 5}

2022-05-23 15:37:44.339536,{"person": 4, "temp": 7, "mf": 5, "light": 5}

2022-05-23 15:37:54.384192,{"person": 4, "temp": 4, "mf": 4, "light": 5}

2022-05-23 15:38:04.426959,{"person": 3, "temp": 7, "mf": 2, "light": 5}

2022-05-23 15:38:14.466554,{"person": 6, "temp": 7, "mf": 5, "light": 3}

2022-05-23 15:38:24.507202,{"person": 2, "temp": 6, "mf": 5, "light": 3}

2022-05-23 15:38:34.546596,{"person": 6, "temp": 6, "mf": 0, "light": 3}

2022-05-23 15:38:44.760462,{"person": 5, "temp": 6, "mf": 5, "light": 6}

2022-05-23 15:38:54.773793,{"person": 3, "temp": 7, "mf": 5, "light": 6}

2022-05-23 15:39:04.789376,{"person": 2, "temp": 6, "mf": 6, "light": 6}

2022-05-23 15:39:14.796641,{"person": 4, "temp": 4, "mf": 2, "light": 6}

2022-05-23 15:39:24.810841,{"person": 4, "temp": 4, "mf": 3, "light": 2}

2022-05-23 15:39:34.817942,{"person": 7, "temp": 7, "mf": 3, "light": 2}

2022-05-23 15:39:44.839263,{"person": 1, "temp": 6, "mf": 4, "light": 2}

2022-05-23 15:39:54.891161,{"person": 4, "temp": 2, "mf": 1, "light": 2}

2022-05-23 15:40:04.932721,{"person": 6, "temp": 4, "mf": 1, "light": 2}

2022-05-23 15:40:14.972920,{"person": 0, "temp": 5, "mf": 1, "light": 2}

2022-05-23 15:40:25.012439,{"person": 3, "temp": 4, "mf": 5, "light": 2}

2022-05-23 15:40:35.052545,{"person": 1, "temp": 4, "mf": 3, "light": 7}

2022-05-23 15:40:45.091342,{"person": 0, "temp": 4, "mf": 3, "light": 7}

2022-05-23 15:40:55.131359,{"person": 7, "temp": 1, "mf": 4, "light": 7}

2022-05-23 15:41:05.186588,{"person": 2, "temp": 4, "mf": 5, "light": 7}

2022-05-23 15:41:15.229421,{"person": 2, "temp": 2, "mf": 3, "light": 7}

2022-05-23 15:41:25.271840,{"person": 0, "temp": 6, "mf": 4, "light": 7}

2022-05-23 15:41:31.638546,I_FAST_FLAS{"person": 5, "temp": 7, "mf": 0, "light": 6}

2022-05-23 15:41:41.725084,{"person": 5, "temp": 0, "mf": 7, "light": 2}

2022-05-23 15:41:51.764273,{"person": 6, "temp": 0, "mf": 1, "light": 3}

2022-05-23 15:42:01.818549,{"person": 6, "temp": 1, "mf": 3, "light": 3}

2022-05-23 15:42:11.857290,{"person": 6, "temp": 2, "mf": 3, "light": 2}

2022-05-23 15:42:21.895911,{"person": 6, "temp": 2, "mf": 2, "light": 3}

2022-05-23 15:42:31.935010,{"person": 6, "temp": 2, "mf": 5, "light": 6}

2022-05-23 15:42:41.973680,{"person": 6, "temp": 4, "mf": 4, "light": 6}

2022-05-23 15:42:52.028864,{"person": 6, "temp": 2, "mf": 4, "light": 4}

2022-05-23 15:43:02.064322,{"person": 6, "temp": 0, "mf": 4, "light": 2}

2022-05-23 15:43:12.103538,{"person": 6, "temp": 0, "mf": 2, "light": 3}

2022-05-23 15:43:22.142362,{"person": 3, "temp": 3, "mf": 7, "light": 3}

2022-05-23 15:43:32.183279,{"person": 1, "temp": 1, "mf": 7, "light": 7}

2022-05-23 15:43:42.235377,{"person": 1, "temp": 7, "mf": 4, "light": 5}

2022-05-23 15:43:52.274617,{"person": 5, "temp": 7, "mf": 7, "light": 6}

2022-05-23 15:44:02.320844,{"person": 5, "temp": 4, "mf": 6, "light": 6}

2022-05-23 15:44:12.351798,{"person": 6, "temp": 0, "mf": 6, "light": 4}

2022-05-23 15:44:22.404757,{"person": 6, "temp": 3, "mf": 2, "light": 1}

2022-05-23 15:44:32.433073,{"person": 0, "temp": 3, "mf": 4, "light": 0}

2022-05-23 15:44:42.486922,{"person": 5, "temp": 1, "mf": 0, "light": 0}

2022-05-23 15:44:52.523672,{"person": 5, "temp": 3, "mf": 0, "light": 1}

2022-05-23 15:45:02.561433,{"person": 5, "temp": 5, "mf": 2, "light": 4}

2022-05-23 15:45:12.610444,{"person": 0, "temp": 5, "mf": 0, "light": 0}

2022-05-23 15:45:22.654674,{"person": 7, "temp": 2, "mf": 1, "light": 0}

2022-05-23 15:45:32.693550,{"person": 0, "temp": 5, "mf": 1, "light": 3}

2022-05-23 15:45:42.732233,{"person": 0, "temp": 6, "mf": 4, "light": 0}

2022-05-23 15:45:52.786420,{"person": 0, "temp": 6, "mf": 0, "light": 6}

2022-05-23 15:46:02.828735,{"person": 5, "temp": 4, "mf": 2, "light": 6}

2022-05-23 15:46:12.862870,{"person": 1, "temp": 1, "mf": 2, "light": 4}

2022-05-23 15:46:22.900859,{"person": 1, "temp": 0, "mf": 3, "light": 6}

2022-05-23 15:46:32.955015,{"person": 3, "temp": 0, "mf": 3, "light": 7}

2022-05-23 15:46:42.994073,{"person": 4, "temp": 3, "mf": 3, "light": 7}

2022-05-23 15:46:53.032728,{"person": 3, "temp": 2, "mf": 3, "light": 5}

2022-05-23 15:47:03.071616,{"person": 3, "temp": 4, "mf": 1, "light": 4}

2022-05-23 15:47:13.110387,{"person": 3, "temp": 4, "mf": 2, "light": 4}

2022-05-23 15:47:23.149673,{"person": 3, "temp": 6, "mf": 2, "light": 4}

2022-05-23 15:47:33.203384,{"person": 5, "temp": 7, "mf": 2, "light": 4}

2022-05-23 15:47:43.242001,{"person": 5, "temp": 1, "mf": 7, "light": 7}

2022-05-23 15:47:53.281205,{"person": 2, "temp": 1, "mf": 2, "light": 5}

2022-05-23 15:48:03.320141,{"person": 0, "temp": 7, "mf": 7, "light": 5}

2022-05-23 15:48:13.358758,{"person": 0, "temp": 2, "mf": 7, "light": 4}

2022-05-23 15:48:23.413050,{"person": 0, "temp": 7, "mf": 2, "light": 5}

2022-05-23 15:48:33.452018,{"person": 3, "temp": 7, "mf": 5, "light": 7}

2022-05-23 15:48:43.490826,{"person": 0, "temp": 5, "mf": 0, "light": 7}

2022-05-23 15:48:53.529534,{"person": 5, "temp": 4, "mf": 0, "light": 7}

2022-05-23 15:49:03.567882,{"person": 5, "temp": 6, "mf": 4, "light": 1}

2022-05-23 15:49:13.622572,{"person": 1, "temp": 6, "mf": 2, "light": 1}

2022-05-23 15:49:24.036407,{"person": 2, "temp": 4, "mf": 0, "light": 6}

2022-05-23 15:49:34.122242,{"person": 2, "temp": 7, "mf": 4, "light": 4}

2022-05-23 15:49:44.176371,{"person": 3, "temp": 7, "mf": 2, "light": 4}

2022-05-23 15:49:54.215240,{"person": 6, "temp": 5, "mf": 0, "light": 4}

2022-05-23 15:50:04.254173,{"person": 3, "temp": 4, "mf": 0, "light": 6}

2022-05-23 15:50:14.292904,{"person": 3, "temp": 2, "mf": 6, "light": 7}

2022-05-23 15:50:24.331728,{"person": 3, "temp": 2, "mf": 4, "light": 6}

2022-05-23 15:50:34.385933,{"person": 1, "temp": 1, "mf": 4, "light": 6}

2022-05-23 15:50:44.426511,{"person": 3, "temp": 4, "mf": 4, "light": 5}

2022-05-23 15:50:54.463882,{"person": 3, "temp": 1, "mf": 4, "light": 2}

2022-05-23 15:51:04.502546,{"person": 3, "temp": 1, "mf": 2, "light": 3}

2022-05-23 15:51:14.541361,{"person": 5, "temp": 1, "mf": 7, "light": 3}

2022-05-23 15:51:24.595591,{"person": 7, "temp": 2, "mf": 7, "light": 2}

2022-05-23 15:51:34.634452,{"person": 7, "temp": 3, "mf": 4, "light": 7}

2022-05-23 15:51:44.678406,{"person": 3, "temp": 3, "mf": 5, "light": 0}

2022-05-23 15:51:54.710026,{"person": 0, "temp": 3, "mf": 6, "light": 0}

2022-05-23 15:52:04.763931,{"person": 6, "temp": 0, "mf": 6, "light": 5}

2022-05-23 16:01:50.009466,ets Jun  8 2016 00:22:57

2022-05-23 16:02:38.654494,ets Jun  8 2016 00:22:57

2022-05-23 16:03:20.662618,{"person": 6, "temp": 6, "mf": 0, "light": 7}

2022-05-23 16:03:30.749481,{"person": 6, "temp": 6, "mf": 1, "light": 0}

2022-05-23 16:03:40.803802,{"person": 1, "temp": 6, "mf": 1, "light": 4}

2022-05-23 16:03:50.842519,{"person": 6, "temp": 0, "mf": 7, "light": 4}

2022-05-23 16:04:00.881499,{"person": 3, "temp": 6, "mf": 7, "light": 0}

2022-05-23 16:04:10.920080,{"person": 3, "temp": 1, "mf": 1, "light": 4}

2022-05-23 16:04:20.958903,{"person": 1, "temp": 1, "mf": 7, "light": 0}

2022-05-23 16:04:31.016056,{"person": 4, "temp": 1, "mf": 4, "light": 0}

2022-05-23 16:04:41.059886,{"person": 3, "temp": 3, "mf": 4, "light": 1}

2022-05-23 16:04:48.986349,{"person": 7, "temp": 1, "mf": 0, "light": 1}

2022-05-23 16:04:59.104736,{"person": 7, "temp": 6, "mf": 6, "light": 5}

2022-05-23 16:05:09.141604,{"person": 4, "temp": 6, "mf": 3, "light": 0}

2022-05-23 16:05:19.181424,{"person": 1, "temp": 2, "mf": 6, "light": 0}

2022-05-23 16:05:29.234913,{"person": 3, "temp": 0, "mf": 6, "light": 2}

2022-05-23 16:05:39.274776,{"person": 3, "temp": 2, "mf": 3, "light": 5}

2022-05-23 16:05:49.313665,{"person": 1, "temp": 2, "mf": 2, "light": 6}

2022-05-23 16:05:59.352407,{"person": 6, "temp": 6, "mf": 0, "light": 6}

2022-05-23 16:06:09.391150,{"person": 5, "temp": 7, "mf": 0, "light": 2}

2022-05-23 16:06:19.445932,{"person": 5, "temp": 2, "mf": 1, "light": 7}

2022-05-23 16:06:29.477729,{"person": 5, "temp": 2, "mf": 5, "light": 7}

2022-05-23 16:06:39.515606,{"person": 3, "temp": 6, "mf": 7, "light": 7}

2022-05-23 16:06:49.566247,{"person": 4, "temp": 1, "mf": 7, "light": 4}

2022-05-23 16:06:59.605580,{"person": 4, "temp": 1, "mf": 3, "light": 7}

2022-05-23 16:07:09.651096,{"person": 3, "temp": 1, "mf": 5, "light": 7}

2022-05-23 16:07:19.692963,{"person": 0, "temp": 6, "mf": 4, "light": 7}

2022-05-23 16:07:29.733287,{"person": 2, "temp": 6, "mf": 4, "light": 0}

2022-05-23 16:07:39.783525,{"person": 2, "temp": 7, "mf": 2, "light": 6}

2022-05-23 16:07:49.824651,{"person": 2, "temp": 7, "mf": 3, "light": 1}

2022-05-23 16:07:59.856548,{"person": 7, "temp": 4, "mf": 3, "light": 1}

2022-05-23 16:08:09.903365,{"person": 0, "temp": 6, "mf": 3, "light": 1}

2022-05-23 16:08:19.945418,{"person": 0, "temp": 7, "mf": 4, "light": 0}

2022-05-23 16:08:29.991141,{"person": 4, "temp": 7, "mf": 1, "light": 4}

2022-05-23 16:08:40.029657,{"person": 1, "temp": 7, "mf": 0, "light": 4}

2022-05-23 16:08:50.070742,{"person": 1, "temp": 4, "mf": 0, "light": 0}

2022-05-23 16:09:00.111289,{"person": 1, "temp": 7, "mf": 5, "light": 5}

2022-05-23 16:09:10.156479,{"person": 2, "temp": 7, "mf": 6, "light": 2}

2022-05-23 16:09:20.206520,{"person": 6, "temp": 2, "mf": 6, "light": 2}

2022-05-23 16:09:30.247950,{"person": 3, "temp": 7, "mf": 6, "light": 6}

2022-05-23 16:09:40.289586,{"person": 3, "temp": 6, "mf": 4, "light": 1}

2022-05-23 16:09:50.331145,{"person": 5, "temp": 6, "mf": 4, "light": 6}

2022-05-23 16:10:00.358740,{"person": 2, "temp": 0, "mf": 0, "light": 6}

2022-05-23 16:10:10.402605,{"person": 0, "temp": 1, "mf": 0, "light": 7}

2022-05-23 16:10:20.445853,{"person": 0, "temp": 0, "mf": 5, "light": 6}

2022-05-23 16:10:30.493829,{"person": 4, "temp": 0, "mf": 4, "light": 4}

2022-05-23 16:10:40.539169,{"person": 0, "temp": 2, "mf": 7, "light": 4}

2022-05-23 16:10:50.582357,{"person": 0, "temp": 6, "mf": 7, "light": 2}

2022-05-23 16:11:00.615588,{"person": 0, "temp": 2, "mf": 2, "light": 6}

2022-05-23 16:11:10.662518,{"person": 7, "temp": 2, "mf": 0, "light": 3}

2022-05-23 16:11:20.698349,{"person": 6, "temp": 1, "mf": 0, "light": 3}

2022-05-23 16:11:30.765588,{"person": 3, "temp": 7, "mf": 0, "light": 7}

2022-05-23 16:11:40.817294,{"person": 3, "temp": 0, "mf": 6, "light": 0}

2022-05-23 16:11:50.847573,{"person": 3, "temp": 0, "mf": 7, "light": 5}

2022-05-23 16:12:00.900566,{"person": 1, "temp": 7, "mf": 3, "light": 5}

2022-05-23 16:12:10.940220,{"person": 4, "temp": 6, "mf": 3, "light": 2}

2022-05-23 16:12:20.982675,{"person": 4, "temp": 3, "mf": 1, "light": 0}

2022-05-23 16:12:31.025263,{"person": 6, "temp": 3, "mf": 2, "light": 1}

2022-05-23 16:12:41.059445,{"person": 0, "temp": 0, "mf": 2, "light": 5}

2022-05-23 16:12:51.095712,{"person": 1, "temp": 6, "mf": 2, "light": 3}

2022-05-23 16:13:01.142793,{"person": 0, "temp": 1, "mf": 2, "light": 6}

2022-05-23 16:13:13.880122,{"person": 4, "temp": 2, "mf": 0, "light": 1}

2022-05-23 16:13:23.976272,{"person": 4, "temp": 7, "mf": 5, "light": 5}

2022-05-23 16:13:34.021364,{"person": 7, "temp": 7, "mf": 6, "light": 1}

2022-05-23 16:13:44.053429,{"person": 6, "temp": 3, "mf": 3, "light": 1}

2022-05-23 16:13:54.092779,{"person": 5, "temp": 7, "mf": 3, "light": 7}

2022-05-23 16:14:04.138743,{"person": 5, "temp": 1, "mf": 6, "light": 5}

2022-05-23 16:14:14.188783,{"person": 4, "temp": 1, "mf": 0, "light": 4}

2022-05-23 16:14:24.224565,{"person": 0, "temp": 0, "mf": 7, "light": 4}

2022-05-23 16:14:34.263124,{"person": 5, "temp": 0, "mf": 7, "light": 7}

2022-05-23 16:14:44.305019,{"person": 5, "temp": 0, "mf": 6, "light": 7}

2022-05-23 16:14:54.341791,{"person": 2, "temp": 0, "mf": 5, "light": 3}

2022-05-23 16:15:04.395784,{"person": 5, "temp": 6, "mf": 3, "light": 3}

2022-05-23 16:15:14.427811,{"person": 3, "temp": 4, "mf": 3, "light": 1}

2022-05-23 16:15:24.475553,{"person": 3, "temp": 7, "mf": 3, "light": 2}

2022-05-23 16:15:34.513124,{"person": 6, "temp": 7, "mf": 0, "light": 5}

2022-05-23 16:15:44.562533,{"person": 7, "temp": 4, "mf": 5, "light": 5}

2022-05-23 16:15:54.610365,{"person": 5, "temp": 3, "mf": 5, "light": 0}

2022-05-23 16:16:04.649749,{"person": 5, "temp": 3, "mf": 5, "light": 1}

2022-05-23 16:16:14.691270,{"person": 0, "temp": 3, "mf": 4, "light": 6}

2022-05-23 16:16:24.732249,{"person": 0, "temp": 4, "mf": 7, "light": 6}

2022-05-23 16:16:34.759719,{"person": 5, "temp": 5, "mf": 7, "light": 1}

2022-05-23 16:16:44.815977,{"person": 5, "temp": 5, "mf": 3, "light": 5}

2022-05-23 16:16:54.857200,{"person": 6, "temp": 5, "mf": 1, "light": 2}

2022-05-23 16:17:04.900289,{"person": 2, "temp": 6, "mf": 3, "light": 2}

2022-05-23 16:17:14.629645,{"person": 0, "temp": 6, "mf": 0, "light": 0}

2022-05-23 16:17:24.699158,{"person": 0, "temp": 4, "mf": 4, "light": 6}

2022-05-23 16:17:34.739078,{"person": 4, "temp": 4, "mf": 3, "light": 7}

2022-05-23 16:17:44.782519,{"person": 0, "temp": 7, "mf": 2, "light": 7}

2022-05-23 16:17:54.825290,{"person": 7, "temp": 7, "mf": 2, "light": 4}

2022-05-23 16:18:04.856718,{"person": 7, "temp": 2, "mf": 6, "light": 4}

2022-05-23 16:18:14.908519,{"person": 5, "temp": 2, "mf": 2, "light": 7}

2022-05-23 16:18:24.951018,{"person": 3, "temp": 7, "mf": 1, "light": 7}

2022-05-23 16:18:34.994353,{"person": 6, "temp": 4, "mf": 1, "light": 4}

2022-05-23 16:18:45.032607,{"person": 6, "temp": 2, "mf": 0, "light": 6}

2022-05-23 16:18:55.072164,{"person": 7, "temp": 2, "mf": 0, "light": 4}

2022-05-23 16:19:05.121186,{"person": 6, "temp": 2, "mf": 5, "light": 4}

2022-05-23 16:19:15.150193,{"person": 5, "temp": 3, "mf": 5, "light": 2}

2022-05-23 16:19:25.191386,{"person": 5, "temp": 1, "mf": 1, "light": 1}

2022-05-23 16:19:35.234689,{"person": 5, "temp": 1, "mf": 1, "light": 6}

2022-05-23 16:19:45.275016,{"person": 0, "temp": 7, "mf": 7, "light": 6}

2022-05-23 16:19:55.328011,{"person": 5, "temp": 5, "mf": 7, "light": 3}

2022-05-23 16:20:05.358473,{"person": 5, "temp": 3, "mf": 0, "light": 5}

2022-05-23 16:20:15.406269,{"person": 6, "temp": 3, "mf": 6, "light": 4}

2022-05-23 16:20:25.445352,{"person": 2, "temp": 7, "mf": 5, "light": 4}

2022-05-23 16:20:35.487377,{"person": 5, "temp": 0, "mf": 5, "light": 1}

2022-05-23 16:20:45.530267,{"person": 5, "temp": 4, "mf": 0, "light": 7}

2022-05-23 16:20:55.578852,{"person": 6, "temp": 4, "mf": 0, "light": 7}

2022-05-23 16:21:05.624910,{"person": 3, "temp": 4, "mf": 7, "light": 7}

2022-05-23 16:21:15.657007,{"person": 2, "temp": 5, "mf": 7, "light": 7}

2022-05-23 16:21:25.705684,{"person": 2, "temp": 1, "mf": 1, "light": 3}

2022-05-23 16:21:35.751575,{"person": 6, "temp": 1, "mf": 3, "light": 5}

2022-05-23 16:21:45.782266,{"person": 2, "temp": 0, "mf": 4, "light": 5}

2022-05-23 16:21:55.830397,{"person": 5, "temp": 0, "mf": 4, "light": 0}

2022-05-23 16:22:05.875999,{"person": 5, "temp": 6, "mf": 0, "light": 3}

2022-05-23 16:22:15.916911,{"person": 3, "temp": 6, "mf": 1, "light": 3}

2022-05-23 16:22:25.957771,{"person": 1, "temp": 4, "mf": 2, "light": 3}

2022-05-23 16:22:35.996044,{"person": 3, "temp": 2, "mf": 2, "light": 0}

2022-05-23 16:22:46.036417,{"person": 3, "temp": 5, "mf": 6, "light": 3}

2022-05-23 16:22:56.087636,{"person": 1, "temp": 5, "mf": 0, "light": 3}

2022-05-23 16:23:06.141207,{"person": 1, "temp": 3, "mf": 3, "light": 3}

2022-05-23 16:23:16.171529,{"person": 2, "temp": 2, "mf": 3, "light": 6}

2022-05-23 16:23:25.092949,{"person": 2, "temp": 3, "mf": 0, "light": 0}

2022-05-23 16:23:35.211164,{"person": 2, "temp": 2, "mf": 2, "light": 1}

2022-05-23 16:23:45.254686,{"person": 1, "temp": 2, "mf": 6, "light": 1}

2022-05-23 16:23:55.294189,{"person": 0, "temp": 4, "mf": 1, "light": 1}

2022-05-23 16:24:05.336012,{"person": 3, "temp": 6, "mf": 1, "light": 5}

2022-05-23 16:24:15.380116,{"person": 3, "temp": 3, "mf": 5, "light": 2}

2022-05-23 16:24:25.423104,{"person": 6, "temp": 3, "mf": 4, "light": 1}

2022-05-23 16:24:35.465823,{"person": 0, "temp": 6, "mf": 0, "light": 1}

2022-05-23 16:24:45.507432,{"person": 1, "temp": 7, "mf": 0, "light": 4}

2022-05-23 16:24:55.551340,{"person": 1, "temp": 3, "mf": 6, "light": 7}

2022-05-23 16:25:05.593240,{"person": 5, "temp": 3, "mf": 5, "light": 4}

2022-05-23 16:25:15.633615,{"person": 0, "temp": 6, "mf": 5, "light": 4}

2022-05-23 16:25:25.676121,{"person": 4, "temp": 5, "mf": 5, "light": 2}

2022-05-23 16:25:35.719309,{"person": 4, "temp": 4, "mf": 4, "light": 5}

2022-05-23 16:25:45.763205,{"person": 0, "temp": 4, "mf": 1, "light": 0}

2022-05-23 16:25:55.805042,{"person": 4, "temp": 5, "mf": 5, "light": 0}

2022-05-23 16:26:05.848183,{"person": 3, "temp": 5, "mf": 5, "light": 0}

2022-05-23 16:26:15.888898,{"person": 3, "temp": 6, "mf": 6, "light": 5}

2022-05-23 16:26:25.930567,{"person": 7, "temp": 6, "mf": 5, "light": 7}

2022-05-23 16:26:35.974358,{"person": 0, "temp": 5, "mf": 1, "light": 7}

2022-05-23 16:26:46.014205,{"person": 7, "temp": 0, "mf": 1, "light": 3}

2022-05-23 16:26:56.082857,{"person": 7, "temp": 5, "mf": 0, "light": 0}

2022-05-23 16:27:06.096593,{"person": 2, "temp": 5, "mf": 2, "light": 7}

2022-05-23 16:27:16.137840,{"person": 7, "temp": 4, "mf": 7, "light": 7}

2022-05-23 16:27:26.165917,{"person": 4, "temp": 6, "mf": 7, "light": 0}

2022-05-23 16:27:36.217562,{"person": 4, "temp": 2, "mf": 3, "light": 7}

2022-05-23 16:27:46.263805,{"person": 3, "temp": 2, "mf": 7, "light": 3}

2022-05-23 16:27:55.025809,{"person": 4, "temp": 2, "mf": 0, "light": 0}

2022-05-23 16:28:05.119182,{"person": 4, "temp": 7, "mf": 1, "light": 2}

2022-05-23 16:28:15.186300,{"person": 4, "temp": 7, "mf": 6, "light": 6}

2022-05-23 16:28:25.228982,{"person": 6, "temp": 3, "mf": 0, "light": 6}

2022-05-23 16:28:35.269430,{"person": 6, "temp": 5, "mf": 0, "light": 1}

2022-05-23 16:28:45.311862,{"person": 6, "temp": 3, "mf": 2, "light": 0}

2022-05-23 16:28:55.354312,{"person": 4, "temp": 3, "mf": 4, "light": 7}

2022-05-23 16:29:05.396414,{"person": 5, "temp": 7, "mf": 6, "light": 7}

2022-05-23 16:29:15.439485,{"person": 1, "temp": 1, "mf": 6, "light": 0}

2022-05-23 16:29:25.481822,{"person": 1, "temp": 2, "mf": 3, "light": 5}

2022-05-23 16:29:35.523164,{"person": 4, "temp": 2, "mf": 1, "light": 7}

2022-05-23 16:29:45.564945,{"person": 2, "temp": 0, "mf": 7, "light": 7}

2022-05-23 16:29:55.607866,{"person": 3, "temp": 5, "mf": 7, "light": 5}

2022-05-23 16:30:05.651122,{"person": 3, "temp": 5, "mf": 5, "light": 3}

2022-05-23 16:30:15.693682,{"person": 4, "temp": 5, "mf": 1, "light": 1}

2022-05-23 16:30:25.737839,{"person": 6, "temp": 6, "mf": 1, "light": 1}

2022-05-23 16:30:35.778946,{"person": 6, "temp": 7, "mf": 1, "light": 5}

2022-05-23 16:30:45.821029,{"person": 6, "temp": 6, "mf": 1, "light": 7}

2022-05-23 16:30:55.862087,{"person": 0, "temp": 6, "mf": 4, "light": 6}

2022-05-23 16:31:05.904023,{"person": 6, "temp": 3, "mf": 2, "light": 6}

2022-05-23 16:31:15.945255,{"person": 1, "temp": 5, "mf": 2, "light": 3}

2022-05-23 16:31:25.988689,{"person": 1, "temp": 2, "mf": 7, "light": 4}

2022-05-23 16:31:36.030383,{"person": 1, "temp": 2, "mf": 5, "light": 7}

2022-05-23 16:31:46.072229,{"person": 0, "temp": 5, "mf": 6, "light": 7}

2022-05-23 16:31:56.113691,{"person": 3, "temp": 0, "mf": 6, "light": 1}

2022-05-23 16:32:06.155352,{"person": 3, "temp": 5, "mf": 4, "light": 6}

2022-05-23 16:32:16.197312,{"person": 6, "temp": 5, "mf": 1, "light": 0}

2022-05-23 16:32:26.237601,{"person": 6, "temp": 3, "mf": 3, "light": 0}

2022-05-23 16:32:36.283292,{"person": 2, "temp": 2, "mf": 3, "light": 2}

2022-05-23 16:32:46.326872,{"person": 2, "temp": 2, "mf": 2, "light": 3}

2022-05-23 16:32:56.368250,{"person": 0, "temp": 2, "mf": 0, "light": 5}

2022-05-23 16:33:06.409596,{"person": 0, "temp": 5, "mf": 2, "light": 5}

2022-05-23 16:33:16.450689,{"person": 5, "temp": 3, "mf": 2, "light": 1}

2022-05-23 16:33:26.492196,{"person": 5, "temp": 7, "mf": 4, "light": 5}

2022-05-23 16:33:36.533290,{"person": 4, "temp": 7, "mf": 7, "light": 7}

2022-05-23 16:33:46.578644,{"person": 2, "temp": 3, "mf": 1, "light": 7}

2022-05-23 16:33:56.620414,{"person": 4, "temp": 4, "mf": 1, "light": 1}

2022-05-23 16:34:06.650448,{"person": 4, "temp": 4, "mf": 5, "light": 6}

2022-05-23 16:34:16.690060,{"person": 3, "temp": 4, "mf": 0, "light": 5}

2022-05-23 16:34:26.745335,{"person": 2, "temp": 5, "mf": 0, "light": 5}

2022-05-23 16:34:36.786917,{"person": 0, "temp": 6, "mf": 0, "light": 6}

2022-05-27 14:37:30.265571,{"light": 3, "temp": 0}

2022-05-27 14:37:40.294996,Guru Meditation Error: Core  0 panic'ed (LoadProhibited). Exception was unhandled.

2022-05-27 14:37:50.299310,

2022-05-27 14:38:00.307429,Core  0 register dump:

2022-05-27 14:38:10.758075,{"light": 3, "temp": 0}

2022-05-27 14:38:20.793706,{"light": 3, "temp": 6}

2022-05-27 14:38:30.825850,{"person": 4, "temp": 6, "light": 3}

2022-05-27 14:38:40.876617,{"person": 4, "temp": 6, "mf": 4, "light": 3}

2022-05-27 14:38:50.904160,{"person": 4, "temp": 6, "mf": 4, "light": 4}

2022-05-27 14:39:00.951059,{"person": 4, "temp": 2, "mf": 4, "light": 4}

2022-05-27 14:39:10.986607,{"person": 4, "temp": 2, "mf": 4, "light": 4}

2022-05-27 14:39:21.024431,{"person": 4, "temp": 2, "mf": 7, "light": 4}

2022-05-27 14:39:31.059507,{"person": 4, "temp": 2, "mf": 7, "light": 3}

2022-05-27 14:39:41.094949,{"person": 4, "temp": 1, "mf": 7, "light": 3}

2022-05-27 14:39:51.138066,{"person": 2, "temp": 1, "mf": 7, "light": 3}

2022-05-27 14:40:01.175237,{"person": 2, "temp": 1, "mf": 6, "light": 3}

2022-05-27 14:40:11.212330,{"person": 2, "temp": 1, "mf": 6, "light": 4}

2022-05-27 14:40:21.242881,{"person": 2, "temp": 0, "mf": 6, "light": 4}

2022-05-27 14:40:31.281405,{"person": 3, "temp": 0, "mf": 6, "light": 4}

2022-05-27 14:40:41.322415,{"person": 3, "temp": 0, "mf": 4, "light": 4}

2022-05-27 14:40:51.357408,{"person": 3, "temp": 0, "mf": 4, "light": 1}

2022-05-27 14:41:01.399714,{"person": 3, "temp": 0, "mf": 4, "light": 1}

2022-05-27 14:41:11.424731,{"person": 7, "temp": 0, "mf": 4, "light": 1}

2022-05-27 14:41:21.462627,{"person": 7, "temp": 0, "mf": 6, "light": 1}

2022-05-27 14:41:31.496725,{"person": 7, "temp": 0, "mf": 6, "light": 2}

2022-05-27 14:41:41.534474,{"person": 7, "temp": 6, "mf": 6, "light": 2}

2022-05-27 14:41:51.579989,{"person": 2, "temp": 6, "mf": 6, "light": 2}

2022-05-27 14:42:01.608988,{"person": 2, "temp": 6, "mf": 7, "light": 2}

2022-05-27 14:42:11.649042,{"person": 2, "temp": 6, "mf": 7, "light": 3}

2022-05-27 14:42:21.686484,{"person": 2, "temp": 1, "mf": 7, "light": 3}

2022-05-27 14:42:31.723652,{"person": 0, "temp": 1, "mf": 7, "light": 3}

2022-05-27 14:42:41.757315,{"person": 0, "temp": 1, "mf": 7, "light": 3}

2022-05-27 14:42:51.789364,{"person": 0, "temp": 1, "mf": 7, "light": 2}

2022-05-27 14:43:01.833677,{"person": 0, "temp": 6, "mf": 7, "light": 2}

2022-05-27 14:43:11.873288,{"person": 3, "temp": 6, "mf": 7, "light": 2}

2022-05-27 14:43:21.911773,{"person": 3, "temp": 6, "mf": 2, "light": 2}

2022-05-27 14:43:31.943744,{"person": 3, "temp": 6, "mf": 2, "light": 2}

2022-05-27 14:43:41.988407,{"person": 3, "temp": 6, "mf": 2, "light": 2}

2022-05-27 14:43:52.020842,{"person": 2, "temp": 6, "mf": 2, "light": 2}

2022-05-27 14:44:02.921669,ets Jun  8 2016 00:22:57

2022-05-27 14:44:12.930940,

2022-05-27 14:44:22.944967,rst:0x8 (TG1WDT_SYS_RESET),boot:0x13 (SPI_FAST_FLASH_BOOT)

2022-05-27 14:44:32.945547,configsip: 0, SPIWP:0xee

2022-05-27 14:44:42.945655,clk_drv:0x00,q_drv:0x00,d_drv:0x00,cs0_drv:0x00,hd_drv:0x00,wp_drv:0x00

2022-05-27 14:44:52.960111,mode:DIO, clock div:2

2022-05-27 14:45:02.969901,load:0x3fff0030,len:4

2022-05-27 14:45:12.975340,load:0x3fff0034,len:4536

2022-05-27 14:45:22.984232,load:0x40078000,len:12344

2022-05-27 14:45:32.996514,load:0x40080400,len:4124

2022-05-27 14:45:43.000024,entry 0x40080680

2022-05-27 14:45:53.008572,[0;33mW (58) boot.esp32: PRO CPU has been reset by WDT.[0m

2022-05-27 14:46:03.023897,[0;33mW (58) boot.esp32: WDT reset info: PRO CPU PC=0x40090285[0m

2022-05-27 14:46:13.038992,[0;33mW (60) boot.esp32: WDT reset info: APP CPU PC=0x400939da[0m

2022-05-27 14:46:23.039562,ets Jun  8 2016 00:22:57

2022-05-27 14:46:33.041921,

2022-05-27 14:46:43.055183,rst:0x10 (RTCWDT_RTC_RESET),boot:0x13 (SPI_FAST_FLASH_BOOT)

2022-05-27 14:46:53.069781,configsip: 0, SPIWP:0xee

2022-05-27 14:47:03.079605,clk_drv:0x00,q_drv:0x00,d_drv:0x00,cs0_drv:0x00,hd_drv:0x00,wp_drv:0x00

2022-05-27 14:47:13.080949,mode:DIO, clock div:2

2022-05-27 14:48:08.342012,load:0x3fff0030,len:4

2022-05-27 14:48:13.400458,Guru Meditation Error: Core  0 panic'ed (IllegalInstruction). Exception was unhandled.

2022-05-27 14:48:23.413375,Memory dump at 0x4000bfd8: 000000f0 30002136 047c03e6

2022-05-27 14:48:33.426428,Core  0 register dump:

2022-05-27 14:48:38.673785,{"light": 2, "temp": 0}

2022-05-27 14:48:48.711518,{"light": 2, "temp": 1}

2022-05-27 14:48:58.725463,ets Jun  8 2016 00:22:57

2022-05-27 14:49:08.726104,

2022-05-27 14:49:18.733371,rst:0x1 (POWERON_RESET),boot:0x13 (SPI_FAST_FLASH_BOOT)

2022-05-27 14:49:28.636339,{"light": 6, "temp": 0}

2022-05-27 14:49:38.662851,{"light": 6, "temp": 6}

2022-05-27 14:49:48.710386,{"person": 1, "temp": 6, "light": 6}

2022-05-27 14:49:58.744589,{"person": 1, "temp": 6, "mf": 2, "light": 6}

2022-05-27 14:50:08.783143,{"person": 1, "temp": 6, "mf": 2, "light": 1}

2022-05-27 14:50:18.818489,{"person": 1, "temp": 6, "mf": 2, "light": 1}

2022-05-27 14:50:28.857591,{"person": 1, "temp": 6, "mf": 2, "light": 1}

2022-05-27 14:50:38.897350,{"person": 1, "temp": 6, "mf": 2, "light": 1}

2022-05-27 14:51:21.233588,{"person": 1, "temp": 6, "mf": 2, "light": 5}

2022-05-27 14:52:06.817340,Guru Meditation Error: Core  0 panic'ed (Unhandled debug exception). 

2022-05-27 14:52:16.817539,Debug exception reason: BREAK instr 

2022-05-27 14:52:26.828194,Core  0 register dump:

2022-05-27 14:52:36.837181,PC      : 0x40082910  PS      : 0x00000016  A0      : 0x40080306  A1      : 0x3ffbe3e0  

2022-05-27 14:52:54.171173,{"light": 0, "temp": 0}

2022-05-27 14:53:04.209276,{"light": 0, "temp": 7}

2022-05-27 14:53:14.233117,{"person": 2, "temp": 7, "light": 0}

2022-05-27 14:53:24.269169,{"person": 2, "temp": 7, "mf": 0, "light": 0}

2022-05-27 14:53:34.316628,{"person": 2, "temp": 7, "mf": 0, "light": 6}

2022-05-27 14:53:44.355650,{"person": 2, "temp": 7, "mf": 0, "light": 6}

2022-05-27 14:53:54.391804,{"person": 4, "temp": 7, "mf": 0, "light": 6}

2022-05-27 14:54:04.426055,{"person": 4, "temp": 7, "mf": 3, "light": 6}

2022-05-27 14:54:14.464291,{"person": 4, "temp": 7, "mf": 3, "light": 4}

2022-05-27 14:54:24.498645,{"person": 4, "temp": 1, "mf": 3, "light": 4}

2022-05-27 14:54:34.542240,{"person": 5, "temp": 1, "mf": 3, "light": 4}

2022-05-27 14:54:44.580291,{"person": 5, "temp": 1, "mf": 3, "light": 4}

2022-05-27 14:54:54.615371,{"person": 5, "temp": 1, "mf": 3, "light": 6}

2022-05-27 14:55:04.641541,{"person": 5, "temp": 3, "mf": 3, "light": 6}

2022-05-27 14:55:14.684103,{"person": 7, "temp": 3, "mf": 3, "light": 6}

2022-05-27 14:55:24.714070,{"person": 7, "temp": 3, "mf": 4, "light": 6}

2022-05-27 14:55:34.758021,{"person": 7, "temp": 3, "mf": 4, "light": 0}

2022-05-27 14:55:44.792721,{"person": 7, "temp": 5, "mf": 4, "light": 0}

2022-05-27 14:55:54.835393,{"person": 3, "temp": 5, "mf": 4, "light": 0}

2022-05-27 14:56:04.863168,{"person": 3, "temp": 5, "mf": 5, "light": 0}

2022-05-27 14:56:14.905509,{"person": 3, "temp": 5, "mf": 5, "light": 7}

2022-05-27 14:56:24.948693,{"person": 3, "temp": 0, "mf": 5, "light": 7}

2022-05-27 14:56:34.987761,{"person": 5, "temp": 0, "mf": 5, "light": 7}

2022-05-27 14:57:00.751919,SH_BOOT)

2022-05-27 14:57:10.764740,c{"light": 0, "temp": 0}

2022-05-27 14:57:20.775054,{"light": 0, "temp": 7}

2022-05-27 14:57:30.787995,{"person": 0, "temp": 7, "light": 0}

2022-05-27 14:57:40.800473,{"person": 0, "temp": 7, "mf": 7, "light": 0}

2022-05-27 14:57:50.814168,{"person": 0, "temp": 7, "mf": 7, "light": 3}

2022-05-27 14:58:00.820975,{"person": 0, "temp": 6, "mf": 7, "light": 3}

2022-05-27 14:58:10.828105,{"person": 3, "temp": 6, "mf": 7, "light": 3}

2022-05-27 14:58:20.841068,{"person": 3, "temp": 6, "mf": 5, "light": 3}

2022-05-27 14:58:30.843850,{"person": 3, "temp": 6, "mf": 5, "light": 7}

2022-05-27 14:58:40.846756,{"person": 3, "temp": 6, "mf": 5, "light": 7}

2022-05-27 14:58:50.849497,{"person": 3, "temp": 6, "mf": 5, "light": 7}

2022-05-27 14:59:00.858394,{"person": 3, "temp": 6, "mf": 7, "light": 7}

2022-05-27 14:59:10.870584,{"person": 3, "temp": 6, "mf": 7, "light": 5}

2022-05-27 14:59:20.870874,{"person": 3, "temp": 2, "mf": 7, "light": 5}

2022-05-27 14:59:30.878112,ets Jun  8 2016 00:22:57

2022-05-27 14:59:40.879962,

2022-05-27 14:59:50.888937,rst:0x8 (TG1WDT_SYS_RESET),boot:0x13 (SPI_FAST_FLASH_BOOT)

2022-05-27 15:00:00.933216,LASH_BOOT)

2022-05-27 15:00:10.939265,Guru Meditation Error: Core  0 panic'ed (IllegalInstruction). Exception was unhandled.

2022-05-27 15:00:20.941557,Memory dump at 0x4009827c: d080cd53 ffdd81f4 c0208d80

2022-05-27 15:00:32.275281,Guru Meditation Error: Core  0 panic'ed (LoadProhibited). Exception was unhandled.

2022-05-27 15:00:42.277899,

2022-05-27 15:00:52.289655,Core  0 register dump:

2022-05-27 15:01:02.305086,PC      : 0x40094ee7  PS      : 0x00060033  A0      : 0x400940f3  A1      : 0x3ffcce10  

2022-05-27 15:01:12.305410,A2      : 0x3ffc3e50  A3      : 0xb33fffff  A4      : 0x00000000  A5      : 0x00000001  

2022-05-27 15:01:22.311354,A6      : 0x0c5c3c20  A7      : 0x00000000  A8      : 0x3ffc3bc4  A9      : 0x3ffccdf0  

2022-05-27 15:01:32.315922,A10     : 0x3ffc3ca0  A11     : 0x00000003  A12     : 0x3ffc3c98  A13     : 0x00000000  

2022-05-27 15:01:44.758956,Guru Meditation Error: Core  0 panic'ed (IllegalInstruction). Exception was unhandled.

2022-05-27 15:01:54.773065,Memory dump at 0x40093f08: 042d2003 211182e0 190cb1ec

2022-05-27 15:02:04.773201,Core  0 register dump:

2022-05-27 15:02:14.780551,PC      : 0x40093f0f  PS      : 0x00060033  A0      : 0x8008da7e  A1      : 0x3ffbe3f0  

2022-05-27 15:02:24.799183,A2      : 0x00000000  A3      : 0x00000000  A4      : 0x8008d170  A5      : 0x3ffccf10  

2022-05-27 15:02:34.799364,A6      : 0x00000001  A7      : 0x00000001  A8      : 0x00000000  A9      : 0x3ffbe3e0  

2022-05-27 15:02:44.803261,A10     : 0x00060021  A11     : 0x00060023  A12     : 0x00060021  A13     : 0x00060023  

2022-05-27 15:02:54.812342,A14     : 0x00000001  A15     : 0x3ffce250  SAR     : 0x00000010  EXCCAUSE: 0x00000000  

2022-05-27 15:03:04.812800,EXCVADDR: 0x00000000  LBEG    : 0x4000c2e0  LEND    : 0x4000c2f6  LCOUNT  : 0xffffffff  

2022-05-27 15:03:51.971720,

2022-05-27 15:04:22.646840, 8 2016 00:22:{"light": 2, "temp": 0}

2022-05-27 15:04:32.687632,{"light": 2, "temp": 6}

2022-05-27 15:04:42.737138,{"person": 5, "temp": 6, "light": 2}

2022-05-27 15:04:52.764860,{"person": 5, "temp": 6, "mf": 2, "light": 2}

2022-05-27 15:05:02.807139,{"person": 5, "temp": 6, "mf": 2, "light": 3}

2022-05-27 15:05:12.839355,{"person": 5, "temp": 5, "mf": 2, "light": 3}

2022-05-27 15:05:22.879591,{"person": 3, "temp": 5, "mf": 2, "light": 3}

2022-05-27 15:05:32.919698,{"person": 3, "temp": 5, "mf": 3, "light": 3}

2022-05-27 15:05:42.950525,{"person": 3, "temp": 5, "mf": 3, "light": 6}

2022-05-27 15:05:52.985563,{"person": 3, "temp": 2, "mf": 3, "light": 6}

2022-05-27 15:06:03.016324,{"person": 5, "temp": 2, "mf": 3, "light": 6}

2022-05-27 15:06:13.054916,{"person": 5, "temp": 2, "mf": 5, "light": 6}

2022-05-27 15:06:23.099032,{"person": 5, "temp": 2, "mf": 5, "light": 1}

2022-05-27 15:06:33.141080,{"person": 5, "temp": 5, "mf": 5, "light": 1}

2022-05-27 15:06:43.176623,{"person": 0, "temp": 5, "mf": 5, "light": 1}

2022-05-27 15:06:53.200077,{"person": 0, "temp": 5, "mf": 4, "light": 1}

2022-05-27 15:07:03.243604,{"person": 0, "temp": 5, "mf": 4, "light": 4}

2022-05-27 15:07:13.284075,{"person": 0, "temp": 4, "mf": 4, "light": 4}

2022-05-27 15:07:23.314428,{"person": 3, "temp": 4, "mf": 4, "light": 4}

2022-05-27 15:07:33.351554,{"person": 3, "temp": 4, "mf": 5, "light": 4}

2022-05-27 15:07:43.390631,{"person": 3, "temp": 4, "mf": 5, "light": 0}

2022-05-27 15:07:53.432354,{"person": 3, "temp": 7, "mf": 5, "light": 0}

2022-05-27 15:08:03.462952,{"person": 0, "temp": 7, "mf": 5, "light": 0}

2022-05-27 15:08:13.497672,{"person": 0, "temp": 7, "mf": 1, "light": 0}

2022-05-27 15:08:23.533187,{"person": 0, "temp": 7, "mf": 1, "light": 7}

2022-05-27 15:08:33.581864,{"person": 0, "temp": 4, "mf": 1, "light": 7}

2022-05-27 15:08:43.617283,{"person": 1, "temp": 4, "mf": 1, "light": 7}

2022-05-27 15:08:53.648722,{"person": 1, "temp": 4, "mf": 3, "light": 7}

2022-05-27 15:09:03.683879,{"person": 1, "temp": 4, "mf": 3, "light": 6}

2022-05-27 15:09:13.716582,{"person": 1, "temp": 4, "mf": 3, "light": 6}

2022-05-27 15:09:23.760125,{"person": 2, "temp": 4, "mf": 3, "light": 6}

2022-05-27 15:09:33.801605,{"person": 2, "temp": 4, "mf": 2, "light": 6}

2022-05-27 15:09:43.835608,{"person": 2, "temp": 4, "mf": 2, "light": 2}

2022-05-27 15:09:53.864070,{"person": 2, "temp": 2, "mf": 2, "light": 2}

2022-05-27 15:10:03.905352,{"person": 7, "temp": 2, "mf": 2, "light": 2}

2022-05-27 15:10:13.940282,{"person": 7, "temp": 2, "mf": 5, "light": 2}

2022-05-27 15:10:23.981645,{"person": 7, "temp": 2, "mf": 5, "light": 3}

2022-05-27 15:10:34.015550,{"person": 7, "temp": 4, "mf": 5, "light": 3}

2022-05-27 15:10:44.060985,{"person": 2, "temp": 4, "mf": 5, "light": 3}

2022-05-27 15:10:54.084689,{"person": 2, "temp": 4, "mf": 3, "light": 3}

2022-05-27 15:11:04.126193,{"person": 2, "temp": 4, "mf": 3, "light": 2}

2022-05-27 15:11:14.171095,{"person": 2, "temp": 2, "mf": 3, "light": 2}

2022-05-27 15:11:24.196601,{"person": 1, "temp": 2, "mf": 3, "light": 2}

2022-05-27 15:11:34.234952,{"person": 1, "temp": 2, "mf": 7, "light": 2}

2022-05-27 15:11:44.274970,{"person": 1, "temp": 2, "mf": 7, "light": 0}

2022-05-27 15:11:54.308520,{"person": 1, "temp": 7, "mf": 7, "light": 0}

2022-05-27 15:12:04.346685,{"person": 6, "temp": 7, "mf": 7, "light": 0}

2022-05-27 15:12:14.389473,{"person": 6, "temp": 7, "mf": 7, "light": 0}

2022-05-27 15:12:24.422623,{"person": 6, "temp": 2, "mf": 7, "light": 0}

2022-05-27 15:12:34.454910,{"person": 6, "temp": 5, "mf": 7, "light": 0}

2022-05-27 15:12:44.493794,{"person": 6, "temp": 4, "mf": 7, "light": 0}

2022-05-27 15:12:54.537807,{"person": 6, "temp": 4, "mf": 7, "light": 4}

2022-05-27 15:13:04.564023,{"person": 6, "temp": 7, "mf": 7, "light": 4}

2022-05-27 15:13:14.612046,{"person": 6, "temp": 1, "mf": 7, "light": 4}

2022-05-27 15:13:24.639618,{"person": 6, "temp": 1, "mf": 7, "light": 6}

2022-05-27 15:13:34.689406,{"person": 6, "temp": 4, "mf": 7, "light": 6}

2022-05-27 15:13:44.713127,{"person": 6, "temp": 5, "mf": 7, "light": 6}

2022-05-27 15:13:54.751655,{"person": 6, "temp": 5, "mf": 7, "light": 5}

2022-05-27 15:14:04.792534,{"person": 6, "temp": 0, "mf": 7, "light": 5}

2022-05-27 15:14:14.821920,{"person": 6, "temp": 5, "mf": 7, "light": 5}

2022-05-27 15:14:24.865533,{"person": 6, "temp": 5, "mf": 7, "light": 4}

2022-05-27 15:14:34.903134,{"person": 6, "temp": 2, "mf": 7, "light": 4}

2022-05-27 15:14:44.941203,{"person": 6, "temp": 0, "mf": 7, "light": 4}

2022-05-27 15:14:54.978436,{"person": 6, "temp": 0, "mf": 7, "light": 7}

2022-05-27 15:15:05.011516,{"person": 6, "temp": 0, "mf": 7, "light": 7}

2022-05-27 15:15:15.045944,{"person": 6, "temp": 1, "mf": 7, "light": 7}

2022-05-27 15:15:25.091239,{"person": 6, "temp": 1, "mf": 7, "light": 4}

2022-05-27 15:15:35.123998,{"person": 6, "temp": 2, "mf": 7, "light": 4}

2022-05-27 15:15:45.160339,{"person": 6, "temp": 0, "mf": 7, "light": 4}

2022-05-27 15:15:55.199104,{"person": 6, "temp": 0, "mf": 7, "light": 0}

2022-05-27 15:16:05.227396,{"person": 6, "temp": 6, "mf": 7, "light": 0}

2022-05-27 15:16:15.269957,{"person": 6, "temp": 3, "mf": 7, "light": 0}

2022-05-27 15:16:23.883402,{"light": 0, "temp": 0}

2022-05-27 15:16:33.926857,{"light": 0, "temp": 1}

2022-05-27 15:16:43.966569,{"person": 3, "temp": 1, "light": 0}

2022-05-27 15:16:54.856462,ets Jun  8 2016 00:22:57

2022-05-27 15:17:04.878225,

2022-05-27 15:17:14.878365,rst:0x8 (TG1WDT_SYS_RESET),boot:0x13 (SPI_FAST_FLASH_BOOT)

2022-05-27 15:17:24.890501,configsip: 0, SPIWP:0xee

2022-05-27 15:17:34.893003,clk_drv:0x00,q_drv:0x00,d_drv:0x00,cs0_drv:0x00,hd_drv:0x00,wp_drv:0x00

2022-05-27 15:17:44.896063,mode:DIO, clock div:2

2022-05-27 15:17:54.905558,load:0x3fff0030,len:4

2022-05-27 15:30:48.300231,load:0x3fff0034,len:4536

2022-05-27 15:30:52.578903,{"light": 7, "temp": 0}

2022-05-27 15:31:02.603644,{"light": 7, "temp": 5}

2022-05-27 15:31:12.643383,{"person": 2, "temp": 5, "light": 7}

2022-05-27 15:31:22.687549,{"person": 2, "temp": 5, "mf": 1, "light": 7}

2022-05-27 15:31:32.716459,{"person": 2, "temp": 5, "mf": 1, "light": 1}

2022-05-27 15:31:42.765132,{"person": 2, "temp": 3, "mf": 1, "light": 1}

2022-05-27 15:31:52.790576,{"person": 4, "temp": 3, "mf": 1, "light": 1}

2022-05-27 15:32:02.834792,{"person": 4, "temp": 3, "mf": 7, "light": 1}

2022-05-27 15:45:14.076782,{"person": 4, "temp": 3, "mf": 7, "light": 4}

